<?xml version='1.0'  encoding='utf-8'?>
<module moduleTitle="The Employee Profile" moduleId="SAPCONAUT-vPP74hyEzQwQtgbmjbsf" lockout="true" scoreType="slide" globalPass="80" scormcommit="true" navMode="navmodeBranch" statusMode="0" quizAttempts="2" transitionIn="fade" transitionOut="fade" transitionMode="stepSlide" transitionSpeed="0.2">
<!--
Published with framework version: 2.17.7-23
Publish date (UTC): Fri, 18 Feb 2022 16:56:31 GMT
-->
<groups><group id="chvlnbr9Hx" name="Main" enabled="true" /></groups><quizzes><quiz id="default" name="Default quiz" includeintotal="true" passrate="80" pre="false" weight="1" attempts="1" /></quizzes><resources><resource src="Updating your Profile.pdf" name="Updating your Profile QRG" category="none" step="" /></resources><themeconfig logo="Picture2.png"><customprop name="--theme-color-1" value="hsl(221.39999999999998, 39.7%, 57.1%)" /><customprop name="--theme-color-1-text" value="#ffffff" /><customprop name="--theme-color-2" value="hsl(283.70000000000005, 37.3%, 57.5%)" /><customprop name="--theme-color-2-text" value="#ffffff" /></themeconfig><extras></extras><swatches></swatches><variables></variables><expressions></expressions><page type="intro" cmp="introduction" group="chvlnbr9Hx" completionpoint="false" classlist="" labels=""  uid="8m9MV_6mR7" id="8m9MV_6mR7" title="Welcome" references="" ><settings /><heading><![CDATA[{{moduleTitle}}]]></heading><content><![CDATA[<p>Welcome to {{moduleTitle}}.</p>]]></content><footer></footer><sections></sections></page><page type="md" cmp="standard_md" group="chvlnbr9Hx" retainscroll="true" completionpoint="false" classlist="" labels=""  uid="qZgcj3nHlS" id="qZgcj3nHlS" title="Profile 1" references="" ><settings /><sections><section uid='UzLaW9CTvU'><block.grid uid='cv72cQI5ny' size="fullwidth"><cmp.hero uid='p0m5TMYzI6' background="hsl(221.39999999999998, 39.7%, 57.1%)"><cmp.heading uid='hrVim26a7d' level="1"><![CDATA[Your Profile]]></cmp.heading></cmp.hero></block.grid><block.grid uid='yGJI_rqHy7' size="restrict"><cmp.stack uid='rMeJyFp6iz' direction="v" space="xs"><cmp.heading uid='AOqTths7gZ' level="2"><![CDATA[Navigating to Your Profile]]></cmp.heading><cmp.text uid='x3oJo6bQy4'><![CDATA[<p>There are two ways to head to your profile.</p>]]></cmp.text></cmp.stack></block.grid><block.grid uid='dME5LWWyiS' size="restrict"><cmp.hotspots uid='u5fNLPK0cm' dataset="NoZLplSFAr"><cmp.picture uid='-2GSqfg256' src="My Profile menu.png" alt="" iwidth="604" iheight="751"></cmp.picture></cmp.hotspots></block.grid></section><section uid='z4UwSy8YZ2'><block.grid uid='oIORXklfs8' size="restrict"><cmp.heading uid='i4r2eB6GV8' level="1"><![CDATA[Profile Basics]]></cmp.heading></block.grid><block.grid uid='stw4TfIgzl' size="fullwidth"><cmp.hotspots uid='eGQRU0mYLz' dataset="_9W-dc6rpa"><cmp.picture uid='Wtw83HEJqy' src="Top of Profile.png" alt="" iwidth="1434" iheight="466"></cmp.picture></cmp.hotspots></block.grid></section><section uid='X9AkJrqioi'><block.grid uid='6BboXY2C8h' size="restrict"><cmp.heading uid='P5XXJK2u9j' level="1"><![CDATA[Profile Best Practices]]></cmp.heading></block.grid><block.grid uid='k9nH4DYiLn' size="fullwidth"><cmp.gridreveal uid='bih1-MYWp_' alternate="false" dataset="G6yjaF4nyu"></cmp.gridreveal></block.grid></section><section uid='-4tTZjss_c'><block.grid uid='_xaNq2hUOw' size="restrict"><cmp.heading uid='R1IsyNkXtV' level="1"><![CDATA[Knowledge Check!]]></cmp.heading></block.grid><block.grid uid='FDk7m45aaU' size="restrict"><cmp.truefalse uid='1TQ9wiQiMG' dataset="Tgu2KnZ6M4" feedback="NnIOZnsSQk"><settings quizid="default" answerfeedback="false" questionfeedback="true" scrolltofeedback="false" attempts="1" scored="true"/></cmp.truefalse></block.grid><block.grid uid='2D0WRB9zYR' size="restrict"><cmp.truefalse uid='f1ufgPcxWO' dataset="0Z9LPpmw4I" feedback="VRqsoKnwSP"><settings quizid="default" answerfeedback="false" questionfeedback="true" scrolltofeedback="false" attempts="1" scored="true"/></cmp.truefalse></block.grid></section></sections></page><datasets><dataset uid="_9W-dc6rpa" type="srm" name="Select and reveal (modular)" ><item uid='FlZCo28VAH'><title><![CDATA[Actions]]></title><content><page><section uid='QzRrR_Wg48'><block.grid uid='v5NGhnayXb' size="fullwidth"><cmp.heading uid='SFM7vPUXpc' level="1"><![CDATA[Actions Menu]]></cmp.heading></block.grid><block.grid uid='uDj23jgW9R' size="fullwidth"><cmp.text uid='ahv1glmATe'><![CDATA[<p>The Actions Menu is where you are able to move beyond your profile.&nbsp;</p>]]></cmp.text></block.grid><block.grid uid='OS2WiJMzYc' size="fullwidth"><cmp.picture uid='gx1PD_Fc8i' src="Actions menu.png" alt="" iwidth="201" iheight="347"></cmp.picture></block.grid></section></page></content><options x="75.36%" y="7.59%" location="rb" /><popup  /><thumbnail type="symbol"><source  id="icon_location" /></thumbnail></item><item uid='Pd7b8S-5VP'><title><![CDATA[New hotspot]]></title><content><page><section uid='bFYdTcM08H'><block.grid uid='GFpkHCTJD3' size="fullwidth"><cmp.stack uid='m-EeGxy2N5' direction="v" space="xs" classlist="heading-and-text"><cmp.heading uid='u_btLVELOp' level="2"><![CDATA[Interactive Header]]></cmp.heading><cmp.text uid='y82cSyzL2X'><![CDATA[<p>The header of your profile allows you to quickly move throughout the profile. Select the section you want to see and it will jump you down to that area.&nbsp;</p>]]></cmp.text></cmp.stack></block.grid></section></page></content><options x="36.36%" y="64.66%" location="rb" /><popup  /><thumbnail type="symbol"><source  id="icon_location" /></thumbnail></item><item uid='KGpChQMJC8'><title><![CDATA[New hotspot]]></title><content><page><section uid='MuMsZmIkcs'><block.grid uid='HBWlG12HCY' size="fullwidth"><cmp.gallery uid='KeZUUtJ4Hd' gestures="true" autoadvance="false"><cmp.stack uid='5RrRI2Sksz' direction="v" alignitems="center" wrap="true" space="none"><cmp.picture uid='-oIbZ9bKfZ' src="Clock.png" alt="" iwidth="33" iheight="35"></cmp.picture><cmp.text uid='JuklHntVw6'><![CDATA[<p>The Clock Image allows you to see the history of that area. It will show an audit trail of changes made and by whom.</p>]]></cmp.text><cmp.picture uid='dXYi8tsCqj' src="History.png" alt="" iwidth="896" iheight="605"></cmp.picture></cmp.stack><cmp.stack uid='4z450qfnL0' direction="v" alignitems="stretch" wrap="true"><cmp.heading uid='KD96-kjwH5' level="1"><![CDATA[Pencil Icon]]></cmp.heading><cmp.picture uid='1X2IuMiEga' src="pencil.png" alt="" iwidth="47" iheight="47"></cmp.picture><cmp.text uid='RPfsno8roj'><![CDATA[<p>The Pencil Icon allows you to make changes to an area of your profile. If you do not see the Pencil Icon, that is not an area of the profile you can edit.</p>]]></cmp.text><cmp.picture uid='b7DLWHvbCi' src="Edit box.png" alt="" iwidth="513" iheight="366"></cmp.picture></cmp.stack></cmp.gallery></block.grid></section></page></content><options x="48.19%" y="83.96%" location="rb" /><popup  /><thumbnail type="symbol"><source  id="icon_location" /></thumbnail></item></dataset><dataset uid="G6yjaF4nyu" type="srm" name="Select and reveal (modular)" ><item uid='bqLiWnVVgt'><title><![CDATA[Add a Photo]]></title><content><page><section uid='-O_0arDRz5'><block.grid uid='OQsdsry09h' size="fullwidth"><cmp.heading uid='MjcoHZmjGl' level="1"><![CDATA[Add A Photo]]></cmp.heading></block.grid><block.grid uid='eJM90LlEBh' size="fullwidth"><cmp.text uid='ssTdAWmIbn'><![CDATA[<p>Adding a photo to your profile will make it more engaging and create a better experience as everyone adds their photos company wide.</p>]]></cmp.text></block.grid></section></page></content><options  /><popup  /><thumbnail type="img"><source  src="System Photo.png" /></thumbnail></item><item uid='xR_yauR6mj'><title><![CDATA[Experience]]></title><content><page><section uid='0eRZYnFYSY'><block.grid uid='w0Ht-Z45DL' size="fullwidth"><cmp.heading uid='WGeZK4VY-X' level="1"><![CDATA[Update Your Education and Experience]]></cmp.heading></block.grid><block.grid uid='g8Th1uMHq3' size="fullwidth"><cmp.text uid='IYYfqZTeVl'><![CDATA[<p>Add information about your previous positions, education, certifications, and more.&nbsp;</p>]]></cmp.text></block.grid></section></page></content><options  /><popup  /><thumbnail type="img"><source  src="Past Experience Profile.png" /></thumbnail></item></dataset><dataset uid="NoZLplSFAr" type="srm" name="Select and reveal (modular)" ><item uid='iXluYowwgS'><title><![CDATA[New hotspot]]></title><content><page><section uid='bUuHkabZSz'><block.grid uid='YItoDxwT1N' size="fullwidth"><cmp.text uid='A0Y7PwkNUr'><![CDATA[<p>Use the Module Picker Drop Down as one way to get to your profile.</p>]]></cmp.text></block.grid></section></page></content><options x="39.54%" y="44.63%" location="rb" /><popup  /><thumbnail type="symbol"><source  id="icon_triangle" /></thumbnail></item><item uid='uLjNPfITID'><title><![CDATA[New hotspot]]></title><content><page><section uid='J-q_ZeY-EK'><block.grid uid='vMahg3pp12' size="fullwidth"><cmp.text uid='i9Fm9X_w-c'><![CDATA[<p>You can also access it from the My Profile tile.&nbsp;</p>]]></cmp.text></block.grid></section></page></content><options x="37.69%" y="86.57%" location="rb" /><popup  /><thumbnail type="symbol"><source  id="icon_star" /></thumbnail></item></dataset><dataset uid="Tgu2KnZ6M4" type="mcq" name="Multiple Choice Question" ><question uid="lalsObbjFj"><text><![CDATA[<p>You cannot edit your profile at all.&nbsp;</p>]]></text><answers><answer uid="EeM8BUtj56" correct="false"><text><![CDATA[<p>True</p>]]></text></answer><answer uid="Yo9rPtrl2m" correct="true"><text><![CDATA[<p>False</p>]]></text></answer></answers></question></dataset><dataset uid="NnIOZnsSQk" type="fb_ci" name="Correct/Incorrect feedback" ><component></component><question><feedback state="completed:correct"><text><![CDATA[<p>Yes! You are able to edit different areas of your profile based on permissions.&nbsp;</p>]]></text></feedback><feedback state="completed:incorrect"><text><![CDATA[<p>Nope! You are able to update and change various pieces of information in your profile.&nbsp;</p>]]></text></feedback></question><answer></answer></dataset><dataset uid="0Z9LPpmw4I" type="mcq" name="Multiple Choice Question" ><question uid="yFwvBVt70V"><text><![CDATA[<p>Adding your photo is a great way to customize and personalize your profile.</p>]]></text><answers><answer uid="D9wYWbHf0G" correct="true"><text><![CDATA[<p>True</p>]]></text></answer><answer uid="3iR_I_sqgg" correct="false"><text><![CDATA[<p>False</p>]]></text></answer></answers></question></dataset><dataset uid="VRqsoKnwSP" type="fb_ci" name="Correct/Incorrect feedback" ><component></component><question><feedback state="completed:correct"><text><![CDATA[<p>Yes! Adding your photo will help personalize your profile and make you more identifiable across the organization.</p>]]></text></feedback><feedback state="completed:incorrect"><text><![CDATA[<p>Nope! Adding your photo will help personalize your profile and make you more identifiable across the organization.</p>]]></text></feedback></question><answer></answer></dataset></datasets></module>